sample	KIR2DL2*003	KIR2DL3*001	KIR2DL4*005	KIR2DL5B*002	KIR2DS1*002	KIR2DS2*001	KIR3DL2*007	KIR3DS1*013	inconsistency
SRR6298344_1_reduced	0	0	0	0	0	0	0	0	
SRR6298345_1_reduced	0	0	0	0	0	0	24.589989	16.523241	
SRR6298346_1_reduced	0	0	0	10.586211	14.625222	24.017284	159.742437	168.853346	
SRR6298353_1_reduced	35.41774	17.77422	1.215559	20.765333	88.047492	70.419523	107.814099	401.098628	
SRR6298354_1_reduced	0	0	0	0	3.940887	0	3.405995	3.162055	
SRR6298355_1_reduced	33.818574	14.171104	2.430965	35.424881	24.394598	40.881885	160.424361	527.42675	
SRR6298356_1_reduced	399.866191	43.790401	24.485043	246.985536	697.737512	289.602427	804.166866	2454.291448	
SRR6298357_1_reduced	0	0	0	0	0	2.955665	28.610354	5.533597	
SRR6298358_1_reduced	0	0	0	0	1.970443	3.940887	2.724796	22.608696	
SRR6298359_1_reduced	0	4.80603	0	0	4.148668	10.716747	7.560869	3.952569	
SRR6298360_1_reduced	3.487358	0	0	2.442997	13.7931	0	2.724796	11.857698	
SRR6298361_1_reduced	0	0	0	0	0	0	9.536785	0	
SRR6298362_1_reduced	0	0	0	0	0	0	25.885521	9.881422	
SRR6298363_1_reduced	0	0	1.620745	2.442997	9.852216	0	9.604904	11.857708	
SRR6298364_1_reduced	5.232267	8.542375	0	24.429968	22.20591	10.72374	8.85558	76.966104	
SRR6298365_1_reduced	3.76167	0	5.672609	4.071661	4.417015	25.707676	0	76.363635	
SRR6298366_1_reduced	13.581182	10.019734	0	8.143322	8.374384	10.482912	6.13079	39.920945	
SRR6298367_1_reduced	8.756307	12.303673	0	7.328988	5.973941	21.823558	8.174387	39.130435	
SRR6298368_1_reduced	3.3167	9.054779	0	3.257328	2.463054	0	21.117832	45.849843	
SRR6298369_1_reduced	1.900353	0	0	4.886143	5.662608	0	10.217923	12.648221	
SRR6298370_1_reduced	0	0	0	0	0	0	0	0	
SRR6298371_1_reduced	8.342811	12.828001	17.423015	18.729643	14.381157	9.712949	8.855584	55.731225	
SRR6298372_1_reduced	7.846557	0	9.724473	2.442994	0	0	4.087193	15.019742	
SRR6298373_1_reduced	527.059052	727.828588	256.973101	996.241902	867.146878	1418.425941	1030.533466	5089.165108	
SRR6298374_1_reduced	0	0	0	0	0	0	0	7.905138	
SRR6298375_1_reduced	0	0	0	0	0	0	0	0	
SRR6298376_1_reduced	0	0	5.672594	24.022794	1.970443	0	2.724796	0	
SRR6298377_1_reduced	0	2.664298	0	0	0	3.054187	0	1.229628	
SRR6298381_1_reduced	109.020002	116.134643	14.661586	139.300466	117.757587	222.694896	110.561804	617.849647	
