sample	KIR2DL1*003	KIR2DL3*001	KIR2DL4*001	KIR2DS4*001	KIR3DL1*015	KIR3DL1*020	KIR3DL2*002	KIR3DL2*009	inconsistency
SRR6298286_1_reduced	0	1.014971	0	0	0	0	3.405995	0	
SRR6298287_1_reduced	0	0	0	0	0	0	0	16.348771	
SRR6298288_1_reduced	0	43.516845	0	127.692817	4.877936	0	0	124.631392	
SRR6298289_1_reduced	0	683.789933	4.051864	352.43768	11.26713	50.702089	66.027042	192.078123	
SRR6298290_1_reduced	0	0	0	0	0	0	6.13079	0	
SRR6298291_1_reduced	11.599166	58.184346	9.724384	74.482756	37.979089	0	113.40497	229.289329	
SRR6298292_1_reduced	0	700.397374	13.366066	1208.151217	0	145.606373	208.569808	447.266401	
SRR6298293_1_reduced	0	0	0	0	0	0	16.689373	0	
SRR6298294_1_reduced	0	0	0	0	0	0	43.359783	18.969908	
SRR6298295_1_reduced	2.615519	20.870338	0	0	0	0	20.708446	5.177111	
SRR6298296_1_reduced	0	2.664298	0	0	0	6.968641	5.790191	0	
SRR6298297_1_reduced	0	16.873889	0	0	0	0	15.764889	2.627482	
SRR6298298_1_reduced	0	0	0	0	0	0	8.991826	13.487738	
SRR6298299_1_reduced	0	0	0	0	0	0	7.833787	7.833788	
SRR6298300_1_reduced	0	13.321492	0	14.778313	24.04181	0	53.183357	12.892933	
SRR6298301_1_reduced	30.917889	54.295889	4.862237	40.394088	12.543554	8.362369	11.262479	22.524978	
SRR6298302_1_reduced	7.846556	1.776199	9.724473	6.009852	10.452962	0	0	10.217984	
SRR6298303_1_reduced	0	23.946394	0	15.270936	0	0	17.029972	0	
SRR6298304_1_reduced	0	12.433392	0	0	4.529617	0	0	34.655994	
SRR6298305_1_reduced	0	18.650089	0	11.82266	0	0	34.546516	13.818607	
SRR6298306_1_reduced	0	0	0	0	0	0	12.942779	0	
SRR6298307_1_reduced	0	0	0	0	0	0	0	0	
SRR6298308_1_reduced	30.852452	18.135878	0	31.051796	0	26.612863	42.328231	19.308171	
SRR6298309_1_reduced	6.2627	15.98579	0	9.852217	3.447822	8.619547	10.899046	10.899195	
SRR6298310_1_reduced	410.526168	889.88084	142.113872	858.572236	150.687978	441.504921	1398.164595	770.44274	
SRR6298311_1_reduced	3.487358	0	0	0	0	0	0	0	
SRR6298312_1_reduced	0	0	0	0	0	0	0	0	
SRR6298313_1_reduced	0	0	0	0	0	0	0	0	
SRR6298314_1_reduced	0	0	0	0	0	0	0	0	
SRR6298379_1_reduced	54.880324	179.760005	4.051845	163.084385	51.647006	30.9939	82.691442	81.546589	
