sample	KIR2DL3*001	KIR2DL4*001	KIR3DL2*002	inconsistency
SRR7059142_1_reduced	0	35.73744	0	
SRR7059143_1_reduced	66.801815	39.181518	65.147722	
