sample	KIR2DL4*001	KIR2DL4*005	KIR3DL2*002	KIR3DS1*013	inconsistency
SRR7059162_1_reduced	0	0	101.703	90.039527	
SRR7059172_1_reduced	122.211545	431.667012	0	0	
