sample	KIR3DL1*015	KIR3DL2*002	inconsistency
SRR7059149_1_reduced	0	333.106273	
SRR7059154_1_reduced	240.368619	0	
