sample	KIR2DL3*001	KIR2DL4*001	KIR2DL4*011	KIR3DL1*015	inconsistency
SRR7059138_1_reduced	117.140331	41.880678	59.357337	50.58366	
SRR7059139_1_reduced	67.673014	573.129119	232.292993	44.752484	
