sample	KIR2DL4*001	KIR2DS4*001	KIR3DL1*015	KIR3DL2*002	KIR3DL2*008	inconsistency
SRR7059136_1_reduced	35.988679	188.644857	51.488741	42.182868	86.675191	
SRR7059137_1_reduced	305.737364	98.076383	3.217969	27.384261	87.24918	
