sample	KIR2DL1*003	KIR2DL3*001	KIR2DL4*005	KIR2DL4*006	KIR2DS1*002	KIR2DS3*002	KIR3DL2*007	KIR3DL2*008	KIR3DS1*013	inconsistency
SRR7059140_1_reduced	47.737039	323.926976	40.952022	98.229492	297.919428	25.840088	89.630102	167.765628	56.83797	
SRR7059141_1_reduced	73.534186	723.501884	64.589725	135.231976	0	78.522149	192.997301	229.463607	349.845356	
