sample	KIR2DL1*003	KIR2DL3*001	KIR2DL4*005	KIR2DL4*006	KIR2DL5A*001	KIR3DL2*002	KIR3DL2*009	KIR3DS1*013	inconsistency
SRR7059151_1_reduced	364.210981	9.769094	0	0	54.315958	0	0	283.636358	
SRR7059165_1_reduced	0	451.789857	1421.879497	2897.822618	310.346382	921.858394	433.449121	0	
