sample	KIR2DL4*001	KIR3DL2*002	inconsistency
SRR7059166_1_reduced	1843.764522	678.320278	
