sample	KIR2DL4*001	KIR2DS1*002	KIR3DL2*002	KIR3DL2*007	KIR3DS1*013	inconsistency
SRR7059152_1_reduced	5.267423	129.261081	3.746593	0	134.071145	
SRR7059155_1_reduced	2.025931	0	0	0	340.474322	
SRR7059167_1_reduced	232.66611	0	367.42403	88.030005	0	
