sample	KIR2DL3*001	KIR2DL4*001	KIR2DL4*005	KIR2DS4*001	KIR3DL2*002	KIR3DL3*010	KIR3DS1*013	inconsistency
SRR7059161_1_reduced	196.092399	168.944906	673.372137	133.582622	178.678053	326.488632	0	
SRR7059171_1_reduced	0	2285.443462	2874.41337	200.886169	0	0	273.122525	
