sample	KIR2DL3*001	KIR2DL4*001	KIR2DL4*005	KIR3DL1*015	KIR3DL2*002	inconsistency
SRR7059153_1_reduced	0	0	0	117.212515	147.68392	
SRR7059157_1_reduced	127.708185	2.869639	4.09956	0	97.410751	
SRR7059160_1_reduced	75.464043	19.043658	0	0	27.247822	
SRR7059170_1_reduced	95.648311	362.183295	129.871781	105.81913	63.691238	
