sample	KIR2DL3*001	KIR2DL4*011	KIR2DS4*001	KIR3DL2*002	inconsistency
SRR7059150_1_reduced	170.77239	2.43308	139.115144	173.555297	
SRR7059158_1_reduced	0	159.661945	0	105.040869	
