sample	KIR2DL2*001	KIR2DL4*005	KIR3DL2*007	KIR3DS1*013	inconsistency
SRR7059156_1_reduced	3.923278	5.34846	0	132.682322	
SRR7059159_1_reduced	213.054396	177.341992	122.420607	570.526792	
SRR7059168_1_reduced	0	582.949819	0	0	
