sample	KIR2DL4*001	KIR2DL4*005	KIR3DL1*015	KIR3DL2*002	inconsistency
SRR7059163_1_reduced	199.440844	478.828723	189.839938	166.46681	
