sample	KIR2DS4*001	KIR3DL2*002	inconsistency
SRR7059164_1_reduced	410.660297	85.82505	
